<?xml version="1.0" encoding="UTF-8" ?>
<!DOCTYPE beans PUBLIC "-//SPRING//DTD BEAN//EN" 
	"http://www.springframework.org/dtd/spring-beans.dtd">
<beans>
	<!-- ====================================== Views etc =========================================== -->
	<bean id="multipartResolver" 
		class="org.springframework.web.multipart.commons.CommonsMultipartResolver">
		<property name="maxUploadSize"><value>100000</value></property> 
	</bean>

	<bean id="viewResolver" class="org.springframework.web.servlet.view.ResourceBundleViewResolver">
		<property name="basename"><value>views</value></property>	
	</bean>

	<bean id="tilesConfigurer" class="org.springframework.web.servlet.view.tiles.TilesConfigurer">
		<property name="definitions">
			<list>
				<value>/WEB-INF/tiles-config.xml</value>
			</list>
		</property>
	</bean>
	
	<bean id="urlMapping" class="org.springframework.web.servlet.handler.SimpleUrlHandlerMapping">
		<property name="mappings">
			<props>
				<!-- Index -->
				<prop key="/index.html">indexController</prop>
				
				<!-- Entry -->
				<prop key="/entry/view.html">entryController</prop>
				<prop key="/entry/delete.html">entryController</prop>
				<prop key="/entry/edit.html">editEntryFormController</prop>
				
				<!-- Comment -->
				<prop key="/comment/index.html">commentController</prop>
				<prop key="/comment/delete.html">commentController</prop>
				<prop key="/comment/view.html">commentController</prop>
				<prop key="/comment/edit.html">editCommentFormController</prop>
				
				<!-- Audit -->
				<prop key="/admin/audit/*">auditController</prop>
				
				<!-- Tiles -->
				<prop key="/tiles/menu.html">menuTileController</prop>
				
				<!-- Users -->
				<prop key="/admin/users/index.html">usersController</prop>
				
				<!-- Login -->
				<prop key="/security/login.html">loginController</prop>
				
				<!-- Attachments -->
				<prop key="/attachment/*">attachmentController</prop>
			</props>
		</property>
	</bean>
	
	<!-- Login -->
	<bean id="loginController" class="com.apress.prospring.web.security.LoginController">
		<property name="blogManager"><ref bean="blogManager"/></property>
	</bean>
	
	<!-- Tiles -->
	<bean id="menuTileController" class="com.apress.prospring.web.tiles.MenuTileController"/>
	
	<!-- Index -->
	<bean id="indexController" class="com.apress.prospring.web.IndexController">
		<property name="blogManager"><ref bean="blogManager"/></property>
	</bean>
	<bean name="/index" class="com.apress.prospring.web.struts.IndexAction">
		<property name="blogManager"><ref bean="blogManager"/></property>
	</bean>
	
	<bean id="messageSource" class="org.springframework.context.support.ResourceBundleMessageSource">
        <property name="basename">
            <value>messages</value>
        </property>
    </bean>
    
	<!-- Entry controllers & validators -->
	<bean id="entryValidator" class="com.apress.prospring.business.validators.EntryValidator"/>
	<bean id="entryController" class="com.apress.prospring.web.entry.EntryController">
		<property name="blogManager"><ref bean="blogManager"/></property>
		<property name="methodNameResolver"><ref local="entryControllerMethodResolver"/></property> 
	</bean>
	<bean id="entryControllerMethodResolver" class="org.springframework.web.servlet.mvc.multiaction.PropertiesMethodNameResolver">
		<property name="mappings">
			<props>
				<prop key="/entry/view.html">handleView</prop>
				<prop key="/entry/delete.html">handleDelete</prop>
			</props>
		</property>
	</bean> 
	<bean id="editEntryFormController" class="com.apress.prospring.web.entry.EditEntryFormController">
		<property name="blogManager"><ref bean="blogManager"/></property>
		<property name="validator"><ref local="entryValidator"/></property>
	</bean>
	<bean name="/entry/edit" class="com.apress.prospring.web.struts.entry.EditAction">
		<property name="blogManager"><ref bean="blogManager"/></property>
	</bean>
	
	<!-- Comment controllers & validators -->
	<bean id="commentValidator" class="com.apress.prospring.business.validators.CommentValidator"/>
	<bean id="commentController" class="com.apress.prospring.web.comment.CommentController">
		<property name="blogManager"><ref bean="blogManager"/></property>
		<property name="methodNameResolver"><ref local="commentControllerMethodResolver"/></property> 
	</bean>
	<bean id="commentControllerMethodResolver" class="org.springframework.web.servlet.mvc.multiaction.PropertiesMethodNameResolver">
		<property name="mappings">
			<props>
				<prop key="/comment/index.html">handleIndex</prop>
				<prop key="/comment/delete.html">handleDelete</prop>
				<prop key="/comment/view.html">handleView</prop>
			</props>
		</property>
	</bean> 
	<bean id="editCommentFormController" class="com.apress.prospring.web.comment.EditCommentFormController">
		<property name="blogManager"><ref bean="blogManager"/></property>
		<property name="validator"><ref local="commentValidator"/></property>
	</bean>
	
	<!-- Audit -->
	<bean id="auditController" class="com.apress.prospring.web.admin.audit.AuditController">
		<property name="blogManager"><ref bean="blogManager"/></property>
		<property name="auditService"><ref bean="auditService"/></property>
	</bean>
	
	<!-- Users -->
	<bean id="usersController" class="com.apress.prospring.web.admin.users.UsersController">
		<property name="blogManager"><ref bean="blogManager"/></property>
		<property name="methodNameResolver"><ref local="usersControllerMethodResolver"/></property> 
	</bean>
	<bean id="usersControllerMethodResolver" class="org.springframework.web.servlet.mvc.multiaction.PropertiesMethodNameResolver">
		<property name="mappings">
			<props>
				<prop key="/admin/users/index.html">handleIndex</prop>
			</props>
		</property>
	</bean> 
	
	<!-- Attachments -->
	<bean id="attachmentController" class="com.apress.prospring.web.attachment.AttachmentController">
		<property name="blogManager"><ref bean="blogManager"/></property>
		<property name="methodNameResolver"><ref local="attachmentControllerMethodResolver"/></property> 
	</bean>
	<bean id="attachmentControllerMethodResolver" class="org.springframework.web.servlet.mvc.multiaction.PropertiesMethodNameResolver">
		<property name="mappings">
			<props>
				<prop key="/attachment/download.html">handleDownload</prop>
			</props>
		</property>
	</bean> 
	
</beans>