<?xml version="1.0" encoding="ISO-8859-1"?>
<!DOCTYPE struts-config PUBLIC
    "-//Apache Software Foundation//DTD Struts Configuration 1.1//EN"
    "http://jakarta.apache.org/struts/dtds/struts-config_1_1.dtd">

<struts-config>
	<form-beans>
		<form-bean type="com.apress.prospring.web.struts.entry.EditEntryForm" name="entryForm"/>
	</form-beans>
	<action-mappings>
		<action path="/index"
			type="org.springframework.web.struts.DelegatingActionProxy" 
			validate="false">
			<forward name="success" path=".index"/>
		</action>
		<action path="/entry/edit"
			type="org.springframework.web.struts.DelegatingActionProxy" 
			name="entryForm"
			scope="request"
			validate="false">
			<forward name="edit" path=".s.entry.edit"/>
			<forward name="posted" path=".entry.posted" redirect="true"/>
		</action>
	</action-mappings>
	
	<plug-in className="org.apache.struts.tiles.TilesPlugin" >
		<set-property property="definitions-config" value="/WEB-INF/tiles-config.xml" />
		<set-property property="moduleAware" value="true" />
		<set-property property="definitions-parser-validate" value="true" />
		<set-property property="definitions-debug" value="2" />
	</plug-in>
	
	<plug-in className="org.springframework.web.struts.ContextLoaderPlugIn">
		<set-property property="contextConfigLocation" value="/WEB-INF/spring-servlet.xml"/>
	</plug-in>
</struts-config>
