<?xml version="1.0" encoding="ISO-8859-1" ?>

<!DOCTYPE tiles-definitions PUBLIC
       "-//Apache Software Foundation//DTD Tiles Configuration 1.1//EN"
       "http://jakarta.apache.org/struts/dtds/tiles-config_1_1.dtd">

<tiles-definitions>

	<!-- Root Layout -->
	<definition name=".root" page="/WEB-INF/views/tiles/root-layout.jsp">
		<put name="meta" value="/WEB-INF/views/tiles/meta.jsp"/>
		<put name="title" value="CHANGE-ME"/>
		<put name="header" value="/WEB-INF/views/tiles/header.jsp"/>
		<put name="footer" value="/WEB-INF/views/tiles/footer.jsp"/>
		<put name="body" value="CHANGE-ME"/>
		<put name="menu" value="/tiles/menu.html"/>
	</definition>
	
	<!-- Main page -->
	
	<definition name=".index" extends=".root">
		<put name="title" value="Home"/>
		<put name="body" value="/WEB-INF/views/index.jsp"/>
	</definition>
	
	<!-- Entry -->
	<definition name=".entry.view" extends=".root">
		<put name="title" value="View Entry"/>
		<put name="body" value="/WEB-INF/views/entry/view.jsp"/>
	</definition>
	<definition name=".entry.edit" extends=".root">
		<put name="title" value="Edit Entry"/>
		<put name="body" value="/WEB-INF/views/entry/edit.jsp"/>
	</definition>
	<definition name=".s.entry.edit" extends=".root">
		<put name="title" value="Edit Entry"/>
		<put name="body" value="/WEB-INF/views/entry/sedit.jsp"/>
	</definition>
	<definition name=".entry.posted" extends=".root">
		<put name="title" value="Entry Posted"/>
		<put name="body" value="/WEB-INF/views/entry/posted.jsp"/>
	</definition>
	<definition name=".entry.delete" extends=".root">
		<put name="title" value="Delete Entry"/>
		<put name="body" value="/WEB-INF/views/entry/delete.jsp"/>
	</definition>
	<definition name=".entry.deleted" extends=".root">
		<put name="title" value="Entry Deleted"/>
		<put name="body" value="/WEB-INF/views/entry/deleted.jsp"/>
	</definition>
	
	<!-- Security -->
	<definition name=".security.login" extends=".root">
		<put name="title" value="Login"/>
		<put name="body" value="/WEB-INF/views/security/login.jsp"/>
	</definition>
	
	<!-- Comments -->
	<definition name=".comment.index" extends=".root">
		<put name="title" value="View Comments"/>
		<put name="body" value="/WEB-INF/views/comment/index.jsp"/>
	</definition>
	<definition name=".comment.view" extends=".root">
		<put name="title" value="View Comment"/>
		<put name="body" value="/WEB-INF/views/comment/view.jsp"/>
	</definition>
	<definition name=".comment.edit" extends=".root">
		<put name="title" value="Edit Comment"/>
		<put name="body" value="/WEB-INF/views/comment/edit.jsp"/>
	</definition>
	<definition name=".comment.posted" extends=".root">
		<put name="title" value="Comment Saved"/>
		<put name="body" value="/WEB-INF/views/comment/posted.jsp"/>
	</definition>
	<definition name=".comment.delete" extends=".root">
		<put name="title" value="Delete Comment"/>
		<put name="body" value="/WEB-INF/views/comment/delete.jsp"/>
	</definition>
	<definition name=".comment.deleted" extends=".root">
		<put name="title" value="Comment Deleted"/>
		<put name="body" value="/WEB-INF/views/comment/deleted.jsp"/>
	</definition>
	
	<!-- Audit -->
	<definition name=".admin.audit.index" extends=".root">
		<put name="title" value="View Audit Records"/>
		<put name="body" value="/WEB-INF/views/admin/audit/index.jsp"/>
	</definition>
	
	<!-- Users -->
	<definition name=".admin.users.index" extends=".root">
		<put name="title" value="View Users"/>
		<put name="body" value="/WEB-INF/views/admin/users/index.jsp"/>
	</definition>

</tiles-definitions>
