<?xml version="1.0"?>
<!DOCTYPE hibernate-mapping PUBLIC "-//Hibernate/Hibernate Mapping DTD//EN"
                                   "http://hibernate.sourceforge.net/hibernate-mapping-2.0.dtd">

<hibernate-mapping>

    <class name="com.apress.prospring.domain.Audit" table="Audit">
        <id name="auditId" type="int" unsaved-value="0" >
            <generator class="identity"/>
        </id>

		<property name="user" type="int" not-null="false"/>
		<property name="auditDate" type="timestamp" not-null="false"/>
		<property name="data" type="string" not-null="true"/>
    </class>

</hibernate-mapping>